geo_code1,geo_code2,all,trimode_base,from_home,light_rail,train,bus,taxi,motorbike,car_driver,car_passenger,bicycle,foot,other,length,pwalk_base,pcycle_base,pdrive_base
E02003299,E02000001,267.293605,12.749951,0,5.464265,245.436547,0.455355,0.455355,1.366066,11.383884,1.366066,0,1.366066,0,32915,0.107143,0,0.892857
E02003299,E02000002,0.910711,0.910711,0,0,0,0,0,0,0.910711,0,0,0,0,16486,0,0,1
E02003299,E02000003,6.830331,6.374975,0,0,0,0,0,0.455355,5.91962,0,0,0.455355,0,16082,0.071429,0,0.928571
E02004437,E02000004,0.910711,0.910711,0,0,0,0,0,0,0.910711,0,0,0,0,13539,0,0,1
E02003299,E02000005,3.642843,2.732132,0,0,0,0,0,0.455355,2.732132,0.455355,0,0,0,15889,0,0,1
E02003299,E02000007,7.741041,6.830331,0,0,0.910711,0,0,0,6.830331,0,0,0,0,15139,0,0,1
E02003299,E02000008,4.098198,3.187488,0,0,0.455355,0,0.455355,0,3.187488,0,0,0,0,16567,0,0,1
E02003299,E02000010,3.642843,3.187488,0,0,0,0,0,0,2.732132,0.455355,0,0.455355,0,15655,0.142857,0,0.857143
E02003299,E02000011,6.374975,6.374975,0,0,0,0,0,0,6.374975,0,0,0,0,14651,0,0,1
E02003299,E02000012,2.276777,2.276777,0,0,0,0,0,0,2.276777,0,0,0,0,19131,0,0,1
E02003299,E02000013,2.276777,1.821422,0,0,0,0,0,0.455355,1.821422,0,0,0,0,17687,0,0,1
E02003299,E02000014,1.366066,0.910711,0,0,0,0,0,0,0.910711,0.455355,0,0,0,16101,0,0,1
E02003299,E02000015,1.366066,1.366066,0,0,0,0,0,0,1.366066,0,0,0,0,15119,0,0,1
E02003299,E02000016,12.749951,6.830331,0,0,5.464265,0,0,0,6.830331,0.455355,0,0,0,20903,0,0,1
E02004437,E02000017,1.821422,0.455355,0,0,1.366066,0,0,0,0.455355,0,0,0,0,20102,0,0,1
E02003299,E02000018,1.366066,1.366066,0,0,0,0,0,0,1.366066,0,0,0,0,18252,0,0,1
E02003299,E02000019,4.553554,4.098198,0,0,0,0,0,0.455355,4.098198,0,0,0,0,17107,0,0,1
E02003299,E02000020,7.741041,5.91962,0,0,1.821422,0,0,0,5.464265,0,0,0.455355,0,19752,0.076923,0,0.923077
E02003299,E02000021,27.776678,25.044546,0,0,0.455355,0,0.455355,1.366066,24.133835,0.455355,0,0.910711,0,15705,0.036364,0,0.963636
E02003299,E02000022,4.098198,1.821422,0,0.455355,1.366066,0,0,0.455355,1.821422,0,0,0,0,20589,0,0,1
E02003299,E02000023,3.642843,3.187488,0,0,0,0,0,0,3.187488,0.455355,0,0,0,18824,0,0,1
E02004437,E02000028,0.455355,0.455355,0,0,0,0,0,0,0.455355,0,0,0,0,38872,0,0,1
E02004472,E02000031,0.455355,0.455355,0,0,0,0,0,0,0.455355,0,0,0,0,38313,0,0,1
E02004437,E02000039,0.455355,0,0,0,0.455355,0,0,0,0,0,0,0,0,42945,0,0,0
E02004472,E02000043,0.455355,0.455355,0,0,0,0,0,0,0,0,0.455355,0,0,39352,0,1,0
E02004437,E02000046,0.455355,0.455355,0,0,0,0,0,0,0.455355,0,0,0,0,38975,0,0,1
E02004472,E02000051,0.455355,0,0,0,0.455355,0,0,0,0,0,0,0,0,39587,0,0,0
E02004437,E02000053,0.910711,0.455355,0,0,0.455355,0,0,0,0.455355,0,0,0,0,43057,0,0,1
E02004472,E02000065,0.455355,0.455355,0,0,0,0,0,0,0.455355,0,0,0,0,18493,0,0,1
E02003299,E02000067,0.910711,0,0,0,0.455355,0.455355,0,0,0,0,0,0,0,18244,0,0,0
E02003299,E02000068,0.455355,0.455355,0,0,0,0,0,0,0.455355,0,0,0,0,16979,0,0,1
E02003299,E02000072,2.276777,2.276777,0,0,0,0,0,0,2.276777,0,0,0,0,17028,0,0,1
E02004437,E02000079,0.455355,0.455355,0,0,0,0,0,0,0.455355,0,0,0,0,20619,0,0,1
E02003299,E02000083,0.910711,0.455355,0,0,0,0,0,0,0.455355,0.455355,0,0,0,18770,0,0,1
E02003299,E02000092,0.910711,0.910711,0,0,0,0,0,0,0.910711,0,0,0,0,24039,0,0,1
E02004437,E02000094,0.455355,0.455355,0,0,0,0,0,0,0.455355,0,0,0,0,43701,0,0,1
E02004472,E02000098,0.455355,0.455355,0,0,0,0,0,0,0.455355,0,0,0,0,45656,0,0,1
E02004437,E02000099,0.455355,0.455355,0,0,0,0,0,0,0.455355,0,0,0,0,46615,0,0,1
E02003299,E02000100,0.455355,0,0,0,0.455355,0,0,0,0,0,0,0,0,47716,0,0,0
E02004437,E02000103,0.455355,0.455355,0,0,0,0,0,0,0.455355,0,0,0,0,41957,0,0,1
E02004472,E02000107,0.455355,0,0,0.455355,0,0,0,0,0,0,0,0,0,41002,0,0,0
E02003299,E02000109,0.455355,0.455355,0,0,0,0,0,0,0.455355,0,0,0,0,45121,0,0,1
E02003299,E02000121,0.910711,0.455355,0,0,0.455355,0,0,0,0.455355,0,0,0,0,46563,0,0,1
E02003299,E02000134,0.910711,0.910711,0,0,0,0,0,0,0.910711,0,0,0,0,30566,0,0,1
E02004472,E02000140,0.455355,0.455355,0,0,0,0,0,0,0.455355,0,0,0,0,26354,0,0,1
E02004437,E02000144,0.455355,0,0,0,0.455355,0,0,0,0,0,0,0,0,31572,0,0,0
E02004437,E02000149,1.366066,0.910711,0,0,0,0,0,0,0.910711,0.455355,0,0,0,27630,0,0,1
E02004472,E02000156,0.455355,0.455355,0,0,0,0,0,0,0.455355,0,0,0,0,34633,0,0,1
E02004472,E02000162,0.455355,0.455355,0,0,0,0,0,0,0.455355,0,0,0,0,31599,0,0,1
E02003299,E02000163,0.455355,0.455355,0,0,0,0,0,0,0.455355,0,0,0,0,30851,0,0,1
E02004472,E02000168,2.276777,0.910711,0,0,1.366066,0,0,0,0.910711,0,0,0,0,35635,0,0,1
E02004437,E02000173,1.821422,0,0,0,1.821422,0,0,0,0,0,0,0,0,37886,0,0,0
E02004472,E02000174,0.910711,0.910711,0,0,0,0,0,0,0.910711,0,0,0,0,35270,0,0,1
E02003299,E02000175,0.910711,0,0,0.455355,0.455355,0,0,0,0,0,0,0,0,39141,0,0,0
E02004472,E02000183,0.455355,0,0,0.455355,0,0,0,0,0,0,0,0,0,36569,0,0,0
E02003299,E02000184,1.366066,0,0,0.455355,0.910711,0,0,0,0,0,0,0,0,35459,0,0,0
E02003299,E02000186,4.098198,0.455355,0,0,3.642843,0,0,0,0.455355,0,0,0,0,35861,0,0,1
E02004437,E02000189,0.910711,0,0,0,0.910711,0,0,0,0,0,0,0,0,34333,0,0,0
E02004437,E02000190,1.821422,0.910711,0,0.455355,0.455355,0,0,0,0.910711,0,0,0,0,34812,0,0,1
E02003299,E02000191,6.374975,0.455355,0,0.910711,5.008909,0,0,0,0.455355,0,0,0,0,35573,0,0,1
E02003299,E02000192,9.107108,0,0,0.910711,7.741041,0,0,0.455355,0,0,0,0,0,34133,0,0,0
E02003299,E02000193,13.205306,0.910711,0,0.455355,11.83924,0,0,0,0.910711,0,0,0,0,34945,0,0,1
E02004472,E02000201,0.455355,0,0,0,0.455355,0,0,0,0,0,0,0,0,36264,0,0,0
E02004437,E02000212,1.366066,1.366066,0,0,0,0,0,0,1.366066,0,0,0,0,39788,0,0,1
E02004437,E02000217,0.455355,0,0,0,0.455355,0,0,0,0,0,0,0,0,40226,0,0,0
E02003299,E02000220,1.821422,0.910711,0,0,0.910711,0,0,0,0.910711,0,0,0,0,39844,0,0,1
E02003299,E02000243,0.455355,0.455355,0,0,0,0,0,0,0.455355,0,0,0,0,49986,0,0,1
E02004437,E02000252,0.910711,0.455355,0,0,0.455355,0,0,0,0.455355,0,0,0,0,44355,0,0,1
E02003299,E02000255,0.455355,0.455355,0,0,0,0,0,0,0.455355,0,0,0,0,48721,0,0,1
E02003299,E02000262,0.455355,0.455355,0,0,0,0,0,0,0.455355,0,0,0,0,44978,0,0,1
E02004472,E02000269,0.455355,0,0,0.455355,0,0,0,0,0,0,0,0,0,48316,0,0,0
E02003299,E02000279,1.821422,1.821422,0,0,0,0,0,0,1.821422,0,0,0,0,29482,0,0,1
E02003299,E02000280,0.910711,0.910711,0,0,0,0,0,0,0.910711,0,0,0,0,33219,0,0,1
E02003299,E02000284,0.455355,0.455355,0,0,0,0,0,0,0.455355,0,0,0,0,33139,0,0,1
E02003299,E02000285,0.455355,0.455355,0,0,0,0,0,0,0.455355,0,0,0,0,32160,0,0,1
E02004437,E02000287,0.455355,0.455355,0,0,0,0,0,0,0.455355,0,0,0,0,37463,0,0,1
E02003299,E02000288,2.276777,2.276777,0,0,0,0,0,0,2.276777,0,0,0,0,30209,0,0,1
E02004437,E02000290,1.366066,1.366066,0,0,0,0,0,0,1.366066,0,0,0,0,29450,0,0,1
E02004437,E02000292,1.366066,0.455355,0,0.455355,0.455355,0,0,0,0.455355,0,0,0,0,31233,0,0,1
E02004472,E02000294,0.910711,0.910711,0,0,0,0,0,0,0.910711,0,0,0,0,29846,0,0,1
E02003299,E02000296,0.910711,0.910711,0,0,0,0,0,0,0.910711,0,0,0,0,35783,0,0,1
E02004472,E02000300,0.455355,0.455355,0,0,0,0,0,0,0.455355,0,0,0,0,30884,0,0,1
E02004472,E02000305,0.455355,0.455355,0,0,0,0,0,0,0.455355,0,0,0,0,33579,0,0,1
E02003299,E02000306,3.187488,3.187488,0,0,0,0,0,0,3.187488,0,0,0,0,30280,0,0,1
E02004437,E02000309,0.910711,0.455355,0,0,0.455355,0,0,0,0.455355,0,0,0,0,30187,0,0,1
E02003299,E02000314,0.455355,0.455355,0,0,0,0,0,0,0.455355,0,0,0,0,20757,0,0,1
E02004472,E02000315,1.821422,1.821422,0,0,0,0,0,0,1.821422,0,0,0,0,20000,0,0,1
E02003299,E02000316,4.553554,4.098198,0,0,0.455355,0,0,0,2.732132,0,0,1.366066,0,23379,0.333333,0,0.666667
E02003299,E02000318,0.455355,0.455355,0,0,0,0,0,0,0.455355,0,0,0,0,21496,0,0,1
E02004472,E02000323,0.455355,0,0,0,0.455355,0,0,0,0,0,0,0,0,23177,0,0,0
E02003299,E02000327,0.910711,0,0,0,0,0,0,0.910711,0,0,0,0,0,23790,0,0,0
E02003299,E02000340,0.455355,0.455355,0,0,0,0,0,0,0.455355,0,0,0,0,25578,0,0,1
E02004437,E02000342,0.455355,0.455355,0,0,0,0,0,0,0.455355,0,0,0,0,24757,0,0,1
E02004437,E02000344,0.455355,0.455355,0,0,0,0,0,0,0.455355,0,0,0,0,26294,0,0,1
E02004437,E02000345,0.455355,0,0,0,0.455355,0,0,0,0,0,0,0,0,30606,0,0,0
E02004472,E02000354,0.455355,0,0,0,0.455355,0,0,0,0,0,0,0,0,30004,0,0,0
E02004472,E02000357,0.455355,0.455355,0,0,0,0,0,0,0.455355,0,0,0,0,28390,0,0,1
E02003299,E02000358,0.910711,0.455355,0,0,0.455355,0,0,0,0.455355,0,0,0,0,31091,0,0,1
E02004472,E02000360,0.455355,0.455355,0,0,0,0,0,0,0.455355,0,0,0,0,30319,0,0,1
E02004472,E02000361,0.455355,0,0,0,0.455355,0,0,0,0,0,0,0,0,29743,0,0,0
E02004472,E02000362,0.910711,0,0,0,0.910711,0,0,0,0,0,0,0,0,28196,0,0,0
E02003299,E02000363,1.366066,0.910711,0,0,0.455355,0,0,0,0.910711,0,0,0,0,29138,0,0,1
E02004437,E02000364,0.455355,0.455355,0,0,0,0,0,0,0.455355,0,0,0,0,30513,0,0,1
E02003299,E02000367,0.455355,0.455355,0,0,0,0,0,0,0.455355,0,0,0,0,29800,0,0,1
E02004472,E02000370,0.455355,0,0,0,0.455355,0,0,0,0,0,0,0,0,32366,0,0,0
E02003299,E02000371,20.946347,4.098198,0,0,15.026727,0,0,1.366066,4.098198,0.455355,0,0,0,31846,0,0,1
E02004472,E02000372,0.455355,0,0,0,0.455355,0,0,0,0,0,0,0,0,42879,0,0,0
E02004472,E02000375,0.455355,0,0,0,0.455355,0,0,0,0,0,0,0,0,42140,0,0,0
E02004437,E02000382,0.455355,0.455355,0,0,0,0,0,0,0.455355,0,0,0,0,43362,0,0,1
E02004437,E02000383,0.455355,0,0,0,0.455355,0,0,0,0,0,0,0,0,41323,0,0,0
E02003299,E02000384,1.821422,0.455355,0,0.910711,0.455355,0,0,0,0.455355,0,0,0,0,42549,0,0,1
E02003299,E02000386,3.187488,0,0,1.366066,1.821422,0,0,0,0,0,0,0,0,41145,0,0,0
E02004472,E02000387,0.455355,0,0,0,0.455355,0,0,0,0,0,0,0,0,41884,0,0,0
E02003299,E02000398,0.910711,0.910711,0,0,0,0,0,0,0.910711,0,0,0,0,30005,0,0,1
E02004472,E02000408,0.455355,0,0,0.455355,0,0,0,0,0,0,0,0,0,30387,0,0,0
E02003299,E02000411,1.366066,1.366066,0,0,0,0,0,0,1.366066,0,0,0,0,30011,0,0,1
E02003299,E02000412,0.455355,0.455355,0,0,0,0,0,0,0.455355,0,0,0,0,33299,0,0,1
E02004472,E02000414,0.455355,0,0,0,0,0,0,0.455355,0,0,0,0,0,31305,0,0,0
E02004437,E02000416,0.455355,0,0,0,0.455355,0,0,0,0,0,0,0,0,34051,0,0,0
E02004437,E02000421,1.366066,1.366066,0,0,0,0,0,0,1.366066,0,0,0,0,30516,0,0,1
E02004472,E02000424,0.455355,0.455355,0,0,0,0,0,0,0.455355,0,0,0,0,33731,0,0,1
E02004472,E02000429,0.455355,0.455355,0,0,0,0,0,0,0.455355,0,0,0,0,34845,0,0,1
E02003299,E02000430,0.455355,0.455355,0,0,0,0,0,0,0.455355,0,0,0,0,34035,0,0,1
E02004472,E02000438,0.455355,0.455355,0,0,0,0,0,0,0.455355,0,0,0,0,51071,0,0,1
E02004472,E02000451,0.455355,0.455355,0,0,0,0,0,0,0.455355,0,0,0,0,51289,0,0,1
E02004472,E02000452,0.455355,0.455355,0,0,0,0,0,0,0.455355,0,0,0,0,49150,0,0,1
E02003299,E02000455,0.455355,0.455355,0,0,0,0,0,0,0.455355,0,0,0,0,48572,0,0,1
E02003299,E02000464,1.366066,1.366066,0,0,0,0,0,0,1.366066,0,0,0,0,11432,0,0,1
E02003299,E02000465,4.098198,4.098198,0,0,0,0,0,0,4.098198,0,0,0,0,9976,0,0,1
E02003299,E02000466,4.553554,4.553554,0,0,0,0,0,0,4.553554,0,0,0,0,14286,0,0,1
E02003299,E02000467,5.91962,5.464265,0,0,0,0,0,0,5.464265,0.455355,0,0,0,11164,0,0,1
E02003299,E02000468,3.642843,3.642843,0,0,0,0,0,0,3.642843,0,0,0,0,15101,0,0,1
E02003299,E02000469,1.821422,1.821422,0,0,0,0,0,0,1.821422,0,0,0,0,11613,0,0,1
E02003299,E02000470,20.035637,17.303504,0,0,0,0.455355,0,0.455355,17.303504,1.821422,0,0,0,9754,0,0,1
E02003299,E02000471,0.455355,0.455355,0,0,0,0,0,0,0.455355,0,0,0,0,13382,0,0,1
E02003299,E02000472,2.276777,1.366066,0,0,0,0,0,0,1.366066,0.910711,0,0,0,14160,0,0,1
E02003299,E02000473,8.196397,7.285686,0,0,0.910711,0,0,0,7.285686,0,0,0,0,10232,0,0,1
E02003299,E02000474,8.651752,7.741041,0,0,0,0,0,0.455355,7.285686,0,0,0.455355,0.455355,14526,0.058824,0,0.941176
E02003299,E02000475,5.008909,4.098198,0,0,0.455355,0,0,0,4.098198,0.455355,0,0,0,11393,0,0,1
E02003299,E02000476,36.42843,25.499901,0,0,7.741041,1.366066,0,0,25.499901,1.821422,0,0,0,13238,0,0,1
E02004437,E02000477,1.366066,1.366066,0,0,0,0,0,0,1.366066,0,0,0,0,11456,0,0,1
E02004437,E02000478,2.276777,2.276777,0,0,0,0,0,0,2.276777,0,0,0,0,9810,0,0,1
E02003299,E02000479,11.83924,9.562463,0,0,0.910711,0.910711,0,0.455355,9.562463,0,0,0,0,12494,0,0,1
E02003299,E02000480,27.321323,25.499901,0,0,0.910711,0.455355,0,0,24.58919,0.455355,0.455355,0.455355,0,14139,0.017857,0.017857,0.964286
E02003299,E02000481,10.017818,9.107108,0,0,0,0,0,0,9.107108,0.910711,0,0,0,6980,0,0,1
E02003299,E02000482,10.928529,9.562463,0,0,1.366066,0,0,0,9.562463,0,0,0,0,7948,0,0,1
E02003299,E02000483,13.205306,12.749951,0,0,0.455355,0,0,0,12.749951,0,0,0,0,10712,0,0,1
E02003299,E02000484,2.732132,2.276777,0,0,0,0,0,0,2.276777,0.455355,0,0,0,12275,0,0,1
E02003299,E02000485,16.392794,15.026727,0,0,0.455355,0.455355,0,0,14.571372,0.455355,0.455355,0,0,9568,0,0.030303,0.969697
E02003299,E02000486,4.098198,3.642843,0,0,0.455355,0,0,0,3.642843,0,0,0,0,11562,0,0,1
E02003299,E02000487,7.285686,7.285686,0,0,0,0,0,0,7.285686,0,0,0,0,8924,0,0,1
E02003299,E02000488,6.374975,5.464265,0,0,0,0,0,0,5.464265,0.910711,0,0,0,11446,0,0,1
E02004437,E02000489,1.821422,1.821422,0,0,0,0,0,0,1.821422,0,0,0,0,12519,0,0,1
E02003299,E02000490,0.910711,0.910711,0,0,0,0,0,0,0.910711,0,0,0,0,12994,0,0,1
E02003299,E02000491,14.571372,12.294595,0,0,1.366066,0,0,0,12.294595,0.910711,0,0,0,14133,0,0,1
E02003299,E02000492,10.473174,10.473174,0,0,0,0,0,0,10.473174,0,0,0,0,12370,0,0,1
E02003299,E02000493,3.187488,3.187488,0,0,0,0,0,0,3.187488,0,0,0,0,13522,0,0,1
E02004472,E02000498,0.455355,0.455355,0,0,0,0,0,0,0.455355,0,0,0,0,56115,0,0,1
E02003299,E02000520,0.455355,0.455355,0,0,0,0,0,0,0.455355,0,0,0,0,55275,0,0,1
E02004437,E02000528,0.910711,0.910711,0,0,0,0,0,0,0.910711,0,0,0,0,47489,0,0,1
E02003299,E02000561,0.455355,0.455355,0,0,0,0,0,0,0.455355,0,0,0,0,34857,0,0,1
E02004437,E02000566,1.366066,0.455355,0,0,0.910711,0,0,0,0.455355,0,0,0,0,33192,0,0,1
E02004437,E02000567,0.455355,0,0,0,0.455355,0,0,0,0,0,0,0,0,32008,0,0,0
E02003299,E02000568,2.732132,0,0,0,2.276777,0,0,0,0,0.455355,0,0,0,34115,0,0,0
E02004472,E02000570,0.910711,0,0,0.455355,0.455355,0,0,0,0,0,0,0,0,33555,0,0,0
E02004472,E02000571,0.455355,0,0,0,0.455355,0,0,0,0,0,0,0,0,32527,0,0,0
E02004472,E02000572,0.455355,0,0,0,0.455355,0,0,0,0,0,0,0,0,34159,0,0,0
E02003299,E02000573,3.642843,0,0,0,3.642843,0,0,0,0,0,0,0,0,33144,0,0,0
E02003299,E02000574,3.187488,0.910711,0,0,2.276777,0,0,0,0.910711,0,0,0,0,33964,0,0,1
E02003299,E02000575,9.107108,2.732132,0,0,5.464265,0,0,0.910711,2.732132,0,0,0,0,33384,0,0,1
E02003299,E02000576,18.214215,1.366066,0,0,15.026727,1.366066,0,0.455355,1.366066,0,0,0,0,32691,0,0,1
E02004472,E02000583,0.455355,0,0,0,0.455355,0,0,0,0,0,0,0,0,40846,0,0,0
E02003299,E02000584,0.455355,0.455355,0,0,0,0,0,0,0.455355,0,0,0,0,40062,0,0,1
E02004472,E02000586,0.455355,0,0,0,0.455355,0,0,0,0,0,0,0,0,39450,0,0,0
E02004437,E02000588,1.366066,0.455355,0,0.455355,0.455355,0,0,0,0,0,0,0.455355,0,38023,1,0,0
E02003299,E02000589,0.455355,0,0,0.455355,0,0,0,0,0,0,0,0,0,39903,0,0,0
E02003299,E02000592,1.366066,0,0,0,1.366066,0,0,0,0,0,0,0,0,39345,0,0,0
E02004472,E02000594,0.455355,0,0,0,0.455355,0,0,0,0,0,0,0,0,38305,0,0,0
E02003299,E02000595,0.455355,0,0,0,0.455355,0,0,0,0,0,0,0,0,39082,0,0,0
E02004472,E02000602,0.455355,0.455355,0,0,0,0,0,0,0.455355,0,0,0,0,49489,0,0,1
E02003299,E02000620,2.276777,1.366066,0,0,0.910711,0,0,0,1.366066,0,0,0,0,34981,0,0,1
E02004437,E02000621,1.821422,0.455355,0,0,1.366066,0,0,0,0.455355,0,0,0,0,35775,0,0,1
E02004437,E02000625,0.455355,0,0,0,0.455355,0,0,0,0,0,0,0,0,36696,0,0,0
E02003299,E02000628,0.455355,0.455355,0,0,0,0,0,0,0.455355,0,0,0,0,35638,0,0,1
E02004472,E02000630,0.455355,0,0,0.455355,0,0,0,0,0,0,0,0,0,37824,0,0,0
E02004472,E02000631,0.455355,0.455355,0,0,0,0,0,0,0.455355,0,0,0,0,34840,0,0,1
E02004437,E02000632,0.455355,0.455355,0,0,0,0,0,0,0.455355,0,0,0,0,36669,0,0,1
E02003299,E02000647,0.455355,0.455355,0,0,0,0,0,0,0.455355,0,0,0,0,37303,0,0,1
E02003299,E02000655,0.455355,0.455355,0,0,0,0,0,0,0.455355,0,0,0,0,30882,0,0,1
E02003299,E02000659,0.455355,0.455355,0,0,0,0,0,0,0.455355,0,0,0,0,28858,0,0,1
E02003299,E02000664,1.366066,0.910711,0,0,0.455355,0,0,0,0.910711,0,0,0,0,29421,0,0,1
E02004472,E02000668,0.910711,0,0,0,0.910711,0,0,0,0,0,0,0,0,28597,0,0,0
E02003299,E02000683,0.455355,0.455355,0,0,0,0,0,0,0.455355,0,0,0,0,28488,0,0,1
E02003299,E02000687,0.910711,0.910711,0,0,0,0,0,0,0.910711,0,0,0,0,33402,0,0,1
E02003299,E02000689,0.455355,0.455355,0,0,0,0,0,0,0.455355,0,0,0,0,42439,0,0,1
E02004437,E02000691,0.455355,0.455355,0,0,0,0,0,0,0.455355,0,0,0,0,42858,0,0,1
E02003299,E02000697,0.455355,0,0,0,0.455355,0,0,0,0,0,0,0,0,43331,0,0,0
E02004472,E02000713,1.821422,0.910711,0,0.455355,0.455355,0,0,0,0.910711,0,0,0,0,46055,0,0,1
E02003299,E02000715,1.366066,0.910711,0,0,0.455355,0,0,0,0.910711,0,0,0,0,21728,0,0,1
E02003299,E02000720,0.910711,0.910711,0,0,0,0,0,0,0.910711,0,0,0,0,23603,0,0,1
E02003299,E02000721,2.732132,2.732132,0,0,0,0,0,0,2.732132,0,0,0,0,24088,0,0,1
E02003299,E02000722,0.455355,0.455355,0,0,0,0,0,0,0.455355,0,0,0,0,25080,0,0,1
E02004472,E02000724,0.455355,0,0,0,0.455355,0,0,0,0,0,0,0,0,23108,0,0,0
E02003299,E02000725,6.374975,1.821422,0,0,4.553554,0,0,0,1.366066,0,0,0.455355,0,25758,0.25,0,0.75
E02003299,E02000726,3.642843,1.821422,0,0,0.910711,0,0,0,1.821422,0.910711,0,0,0,26469,0,0,1
E02003299,E02000727,1.366066,0.910711,0,0,0.455355,0,0,0,0.910711,0,0,0,0,23516,0,0,1
E02003299,E02000728,0.455355,0.455355,0,0,0,0,0,0,0.455355,0,0,0,0,22016,0,0,1
E02003299,E02000729,0.455355,0.455355,0,0,0,0,0,0,0.455355,0,0,0,0,24678,0,0,1
E02003299,E02000730,0.455355,0.455355,0,0,0,0,0,0,0.455355,0,0,0,0,24054,0,0,1
E02003299,E02000731,1.366066,0.910711,0,0,0.455355,0,0,0,0.910711,0,0,0,0,22678,0,0,1
E02003299,E02000732,1.821422,0.910711,0,0,0.455355,0,0,0,0.910711,0.455355,0,0,0,23198,0,0,1
E02003299,E02000733,0.910711,0.910711,0,0,0,0,0,0,0.910711,0,0,0,0,25589,0,0,1
E02003299,E02000735,0.910711,0,0,0.455355,0.455355,0,0,0,0,0,0,0,0,24025,0,0,0
E02003299,E02000736,0.455355,0.455355,0,0,0,0,0,0,0.455355,0,0,0,0,21842,0,0,1
E02003299,E02000737,2.732132,2.276777,0,0,0.455355,0,0,0,2.276777,0,0,0,0,22381,0,0,1
E02004437,E02000740,1.821422,1.366066,0,0,0.455355,0,0,0,1.366066,0,0,0,0,25553,0,0,1
E02003299,E02000741,3.642843,3.187488,0,0,0.455355,0,0,0,2.732132,0,0,0.455355,0,23958,0.142857,0,0.857143
E02003299,E02000743,1.821422,1.821422,0,0,0,0,0,0,1.821422,0,0,0,0,25386,0,0,1
E02003299,E02000744,0.910711,0.910711,0,0,0,0,0,0,0.910711,0,0,0,0,24867,0,0,1
E02003299,E02000745,0.910711,0.910711,0,0,0,0,0,0,0.910711,0,0,0,0,23861,0,0,1
E02003299,E02000746,5.91962,5.008909,0,0.455355,0.455355,0,0,0,5.008909,0,0,0,0,22273,0,0,1
E02003299,E02000747,4.553554,4.098198,0,0,0,0,0,0,4.098198,0.455355,0,0,0,25503,0,0,1
E02003299,E02000748,4.553554,2.732132,0,0,1.366066,0,0,0.455355,2.732132,0,0,0,0,23228,0,0,1
E02003299,E02000749,1.821422,1.821422,0,0,0,0,0,0,1.821422,0,0,0,0,24742,0,0,1
E02003299,E02000750,8.196397,8.196397,0,0,0,0,0,0,8.196397,0,0,0,0,23664,0,0,1
E02004472,E02000751,0.910711,0.910711,0,0,0,0,0,0,0.910711,0,0,0,0,24156,0,0,1
E02003299,E02000752,4.098198,4.098198,0,0,0,0,0,0,4.098198,0,0,0,0,18334,0,0,1
E02004472,E02000753,0.455355,0.455355,0,0,0,0,0,0,0.455355,0,0,0,0,19280,0,0,1
E02004472,E02000754,0.455355,0.455355,0,0,0,0,0,0,0.455355,0,0,0,0,23294,0,0,1
E02003299,E02000755,0.455355,0.455355,0,0,0,0,0,0,0.455355,0,0,0,0,22354,0,0,1
E02003299,E02000756,4.553554,4.553554,0,0,0,0,0,0,4.553554,0,0,0,0,20209,0,0,1
E02004437,E02000757,2.276777,1.821422,0,0,0.455355,0,0,0,1.821422,0,0,0,0,24380,0,0,1
E02004437,E02000759,0.910711,0.455355,0,0,0.455355,0,0,0,0.455355,0,0,0,0,23441,0,0,1
E02003299,E02000760,0.455355,0.455355,0,0,0,0,0,0,0.455355,0,0,0,0,20673,0,0,1
E02003299,E02000763,1.366066,0.910711,0,0,0.455355,0,0,0,0.910711,0,0,0,0,19163,0,0,1
E02004437,E02000765,0.910711,0.910711,0,0,0,0,0,0,0.455355,0,0,0.455355,0,20812,0.5,0,0.5
E02003299,E02000767,0.910711,0.910711,0,0,0,0,0,0,0.910711,0,0,0,0,20083,0,0,1
E02003299,E02000769,5.464265,2.732132,0,0,0.455355,0,0,0.910711,2.732132,1.366066,0,0,0,17220,0,0,1
E02004437,E02000770,0.455355,0.455355,0,0,0,0,0,0,0.455355,0,0,0,0,19346,0,0,1
E02003299,E02000772,9.562463,8.651752,0,0,0.910711,0,0,0,8.651752,0,0,0,0,18045,0,0,1
E02003299,E02000773,2.732132,2.276777,0,0,0.455355,0,0,0,2.276777,0,0,0,0,20063,0,0,1
E02003299,E02000779,2.276777,2.276777,0,0,0,0,0,0,2.276777,0,0,0,0,21317,0,0,1
E02003299,E02000780,14.571372,12.294595,0,0,1.821422,0,0,0,11.83924,0.455355,0.455355,0,0,20242,0,0.037037,0.962963
E02003299,E02000781,0.455355,0.455355,0,0,0,0,0,0,0.455355,0,0,0,0,19189,0,0,1
E02003299,E02000782,1.366066,0.910711,0,0,0.455355,0,0,0,0.910711,0,0,0,0,20906,0,0,1
E02003299,E02000783,0.455355,0.455355,0,0,0,0,0,0,0.455355,0,0,0,0,20563,0,0,1
E02004472,E02000786,0.910711,0.455355,0,0,0.455355,0,0,0,0.455355,0,0,0,0,44921,0,0,1
E02003299,E02000787,0.910711,0,0,0,0.455355,0,0,0.455355,0,0,0,0,0,47012,0,0,0
E02003299,E02000791,0.455355,0.455355,0,0,0,0,0,0,0.455355,0,0,0,0,48375,0,0,1
E02004472,E02000807,0.455355,0,0,0,0.455355,0,0,0,0,0,0,0,0,29858,0,0,0
E02003299,E02000808,18.214215,3.187488,0,0,15.026727,0,0,0,3.187488,0,0,0,0,33391,0,0,1
E02003299,E02000809,9.107108,1.821422,0,0,6.830331,0,0,0.455355,1.821422,0,0,0,0,32094,0,0,1
E02004437,E02000810,0.910711,0.455355,0,0,0.455355,0,0,0,0.455355,0,0,0,0,31740,0,0,1
E02003299,E02000812,0.910711,0.455355,0,0,0.455355,0,0,0,0.455355,0,0,0,0,32854,0,0,1
E02004437,E02000814,0.455355,0.455355,0,0,0,0,0,0,0.455355,0,0,0,0,29636,0,0,1
E02003299,E02000817,0.455355,0.455355,0,0,0,0,0,0,0.455355,0,0,0,0,31069,0,0,1
E02004472,E02000819,0.455355,0.455355,0,0,0,0,0,0,0.455355,0,0,0,0,32224,0,0,1
E02004437,E02000820,0.910711,0,0,0,0.910711,0,0,0,0,0,0,0,0,34240,0,0,0
E02003299,E02000822,0.455355,0.455355,0,0,0,0,0,0,0.455355,0,0,0,0,33463,0,0,1
E02004472,E02000824,0.455355,0,0,0,0,0,0,0,0,0.455355,0,0,0,32080,0,0,0
E02004437,E02000842,0.455355,0.455355,0,0,0,0,0,0,0.455355,0,0,0,0,45720,0,0,1
E02003299,E02000851,0.910711,0.455355,0,0,0,0,0,0,0.455355,0.455355,0,0,0,45272,0,0,1
E02004437,E02000861,0.455355,0.455355,0,0,0,0,0,0,0.455355,0,0,0,0,45532,0,0,1
E02003299,E02000864,1.821422,1.821422,0,0,0,0,0,0,1.821422,0,0,0,0,28138,0,0,1
E02004437,E02000865,0.455355,0.455355,0,0,0,0,0,0,0.455355,0,0,0,0,29900,0,0,1
E02003299,E02000867,3.187488,2.732132,0,0,0,0,0,0,2.732132,0.455355,0,0,0,27877,0,0,1
E02003299,E02000868,0.455355,0,0,0,0,0,0,0,0,0.455355,0,0,0,30476,0,0,0
E02004437,E02000870,3.642843,0.455355,0,0,3.187488,0,0,0,0,0,0.455355,0,0,29589,0,1,0
E02004472,E02000871,0.455355,0,0,0,0.455355,0,0,0,0,0,0,0,0,27362,0,0,0
E02004472,E02000873,1.366066,0,0,0,1.366066,0,0,0,0,0,0,0,0,29206,0,0,0
E02004437,E02000874,0.455355,0.455355,0,0,0,0,0,0,0.455355,0,0,0,0,29921,0,0,1
E02003299,E02000875,3.642843,1.821422,0,0,0.910711,0,0,0.455355,1.821422,0,0,0,0.455355,27886,0,0,1
E02003299,E02000876,1.366066,0.455355,0,0,0.910711,0,0,0,0.455355,0,0,0,0,30380,0,0,1
E02003299,E02000877,1.366066,0,0,0.455355,0.910711,0,0,0,0,0,0,0,0,28435,0,0,0
E02003299,E02000878,11.83924,0.455355,0,0,11.383884,0,0,0,0.455355,0,0,0,0,31247,0,0,1
E02003299,E02000879,0.455355,0.455355,0,0,0,0,0,0,0.455355,0,0,0,0,29844,0,0,1
E02004437,E02000880,0.910711,0.910711,0,0,0,0,0,0,0.910711,0,0,0,0,30213,0,0,1
E02003299,E02000881,2.732132,2.276777,0,0,0.455355,0,0,0,2.276777,0,0,0,0,27227,0,0,1
E02004437,E02000882,0.455355,0.455355,0,0,0,0,0,0,0.455355,0,0,0,0,29145,0,0,1
E02003299,E02000884,19.580281,2.732132,0,0.910711,15.482083,0,0,0,2.732132,0.455355,0,0,0,31019,0,0,1
E02003299,E02000885,0.455355,0,0,0,0.455355,0,0,0,0,0,0,0,0,30226,0,0,0
E02004472,E02000886,0.455355,0.455355,0,0,0,0,0,0,0.455355,0,0,0,0,28819,0,0,1
E02004437,E02000887,1.821422,0.455355,0,0.455355,0.910711,0,0,0,0.455355,0,0,0,0,28185,0,0,1
E02003299,E02000888,0.910711,0.455355,0,0,0,0,0,0,0.455355,0.455355,0,0,0,30188,0,0,1
E02003299,E02000889,5.008909,1.366066,0,0,3.642843,0,0,0,1.366066,0,0,0,0,31028,0,0,1
E02003299,E02000890,5.464265,0.455355,0,0,5.008909,0,0,0,0.455355,0,0,0,0,30860,0,0,1
E02003299,E02000891,10.473174,5.008909,0,0,5.008909,0,0,0,5.008909,0.455355,0,0,0,27343,0,0,1
E02003299,E02000893,0.455355,0.455355,0,0,0,0,0,0,0.455355,0,0,0,0,27753,0,0,1
E02003299,E02000894,0.455355,0.455355,0,0,0,0,0,0,0.455355,0,0,0,0,28729,0,0,1
E02004472,E02000896,0.455355,0.455355,0,0,0,0,0,0,0.455355,0,0,0,0,26217,0,0,1
E02003299,E02000900,0.455355,0.455355,0,0,0,0,0,0,0.455355,0,0,0,0,27794,0,0,1
E02004437,E02000901,0.910711,0.910711,0,0,0,0,0,0,0.910711,0,0,0,0,25854,0,0,1
E02004472,E02000902,0.455355,0,0,0,0,0,0,0,0,0.455355,0,0,0,26719,0,0,0
E02003299,E02000903,1.366066,1.366066,0,0,0,0,0,0,0.910711,0,0,0.455355,0,28174,0.333333,0,0.666667
E02004437,E02000904,1.366066,0.910711,0,0,0,0,0,0.455355,0.910711,0,0,0,0,26137,0,0,1
E02004472,E02000905,0.455355,0.455355,0,0,0,0,0,0,0.455355,0,0,0,0,27128,0,0,1
E02004472,E02000906,0.910711,0.455355,0,0,0,0,0,0,0.455355,0,0,0,0.455355,27737,0,0,1
E02004437,E02000907,0.455355,0,0,0,0.455355,0,0,0,0,0,0,0,0,26205,0,0,0
E02003299,E02000908,1.366066,0.910711,0,0,0.455355,0,0,0,0.910711,0,0,0,0,28377,0,0,1
E02004437,E02000910,1.366066,1.366066,0,0,0,0,0,0,1.366066,0,0,0,0,27043,0,0,1
E02004437,E02000911,0.455355,0.455355,0,0,0,0,0,0,0.455355,0,0,0,0,27915,0,0,1
E02003299,E02000912,1.366066,0.910711,0,0,0,0.455355,0,0,0.910711,0,0,0,0,27667,0,0,1
E02004437,E02000913,1.821422,1.821422,0,0,0,0,0,0,1.821422,0,0,0,0,25998,0,0,1
E02003299,E02000914,2.276777,2.276777,0,0,0,0,0,0,2.276777,0,0,0,0,26702,0,0,1
E02003299,E02000915,0.455355,0.455355,0,0,0,0,0,0,0.455355,0,0,0,0,25365,0,0,1
E02003299,E02000916,1.366066,1.366066,0,0,0,0,0,0,1.366066,0,0,0,0,27681,0,0,1
E02004437,E02000918,0.910711,0.910711,0,0,0,0,0,0,0.910711,0,0,0,0,24958,0,0,1
E02003299,E02000920,1.821422,0.910711,0,0,0.455355,0,0,0.455355,0.910711,0,0,0,0,26747,0,0,1
E02003299,E02000924,1.366066,0.910711,0,0,0.455355,0,0,0,0.910711,0,0,0,0,37491,0,0,1
E02003299,E02000932,1.821422,1.366066,0,0.455355,0,0,0,0,1.366066,0,0,0,0,41940,0,0,1
E02004472,E02000934,0.455355,0,0,0,0.455355,0,0,0,0,0,0,0,0,40210,0,0,0
E02004472,E02000951,0.455355,0,0,0,0.455355,0,0,0,0,0,0,0,0,39740,0,0,0
E02003299,E02000956,0.455355,0,0,0,0,0,0,0.455355,0,0,0,0,0,41215,0,0,0
E02003299,E02000960,0.910711,0,0,0,0.910711,0,0,0,0,0,0,0,0,37747,0,0,0
E02003299,E02000967,3.187488,0,0,0.455355,2.732132,0,0,0,0,0,0,0,0,37257,0,0,0
E02004472,E02000969,0.455355,0.455355,0,0,0,0,0,0,0.455355,0,0,0,0,39653,0,0,1
E02003299,E02000970,6.374975,0,0,0.455355,5.464265,0.455355,0,0,0,0,0,0,0,36758,0,0,0
E02003299,E02000971,1.821422,0.455355,0,0,1.366066,0,0,0,0,0,0,0.455355,0,37540,1,0,0
E02003299,E02000972,30.50881,3.642843,0,3.187488,23.223124,0,0,0,3.642843,0.455355,0,0,0,36013,0,0,1
E02003299,E02000974,0.910711,0.455355,0,0.455355,0,0,0,0,0.455355,0,0,0,0,38048,0,0,1
E02003299,E02000975,1.366066,0,0,0.455355,0.910711,0,0,0,0,0,0,0,0,38828,0,0,0
E02003299,E02000977,38.249852,2.732132,0,3.187488,31.419521,0,0,0.910711,2.732132,0,0,0,0,35451,0,0,1
E02004437,E02000978,1.366066,0.455355,0,0,0.910711,0,0,0,0.455355,0,0,0,0,38022,0,0,1
E02003299,E02000979,21.401703,3.642843,0,0.910711,15.937438,0,0,0.455355,3.642843,0.455355,0,0,0,36163,0,0,1
E02003299,E02000980,0.910711,0,0,0,0.910711,0,0,0,0,0,0,0,0,36093,0,0,0
E02003299,E02000981,0.910711,0.455355,0,0,0.455355,0,0,0,0.455355,0,0,0,0,36778,0,0,1
E02003299,E02000982,4.553554,0.455355,0,0,4.098198,0,0,0,0.455355,0,0,0,0,37277,0,0,1
E02003299,E02001197,0.455355,0.455355,0,0,0,0,0,0,0.455355,0,0,0,0,268309,0,0,1
E02003299,E02001238,0.455355,0.455355,0,0,0,0,0,0,0.455355,0,0,0,0,272446,0,0,1
E02004437,E02001424,0.455355,0.455355,0,0,0,0,0,0,0.455355,0,0,0,0,296331,0,0,1
E02004472,E02001524,0.455355,0.455355,0,0,0,0,0,0,0.455355,0,0,0,0,255990,0,0,1
E02003299,E02001557,2.732132,2.276777,0,0,0,0,0,0,1.821422,0.455355,0,0.455355,0,239598,0.2,0,0.8
E02003299,E02001560,0.910711,0.455355,0,0,0.455355,0,0,0,0.455355,0,0,0,0,239195,0,0,1
E02004437,E02002177,0.455355,0.455355,0,0,0,0,0,0,0.455355,0,0,0,0,202442,0,0,1
E02004472,E02002186,0.455355,0,0,0,0.455355,0,0,0,0,0,0,0,0,303454,0,0,0
E02004437,E02002416,0.455355,0.455355,0,0,0,0,0,0,0.455355,0,0,0,0,272588,0,0,1
E02004437,E02002465,1.366066,1.366066,0,0,0,0,0,0,1.366066,0,0,0,0,266112,0,0,1
E02003299,E02002585,0.455355,0.455355,0,0,0,0,0,0,0.455355,0,0,0,0,288368,0,0,1
E02004472,E02002593,0.455355,0.455355,0,0,0,0,0,0,0.455355,0,0,0,0,285053,0,0,1
E02004437,E02002791,0.455355,0.455355,0,0,0,0,0,0,0.455355,0,0,0,0,280260,0,0,1
E02003299,E02002827,0.455355,0.455355,0,0,0,0,0,0,0.455355,0,0,0,0,161310,0,0,1
E02003299,E02003192,0.455355,0.455355,0,0,0,0,0,0,0.455355,0,0,0,0,182384,0,0,1
E02003299,E02003220,0.910711,0.455355,0,0,0.455355,0,0,0,0.455355,0,0,0,0,146783,0,0,1
E02004437,E02003230,0.910711,0,0,0,0.455355,0,0,0,0,0.455355,0,0,0,149506,0,0,0
E02004472,E02003251,0.455355,0,0,0,0.455355,0,0,0,0,0,0,0,0,120231,0,0,0
E02003299,E02003257,0.455355,0.455355,0,0,0,0,0,0,0.455355,0,0,0,0,117189,0,0,1
E02004472,E02003271,0.455355,0,0,0,0.455355,0,0,0,0,0,0,0,0,62435,0,0,0
E02004472,E02003272,0.455355,0.455355,0,0,0,0,0,0,0.455355,0,0,0,0,66368,0,0,1
E02003299,E02003276,0.455355,0.455355,0,0,0,0,0,0,0.455355,0,0,0,0,65494,0,0,1
E02003299,E02003279,5.008909,4.098198,0,0,0,0,0,0,4.098198,0.910711,0,0,0,19410,0,0,1
E02003299,E02003280,5.91962,3.642843,0,0,0.455355,0,0,0,3.642843,1.821422,0,0,0,22190,0,0,1
E02003299,E02003282,9.562463,9.107108,0,0,0,0,0,0,9.107108,0,0,0,0.455355,22268,0,0,1
E02003299,E02003283,0.910711,0.910711,0,0,0,0,0,0,0.910711,0,0,0,0,20498,0,0,1
E02003299,E02003284,11.83924,10.017818,0,0,1.366066,0,0,0,9.107108,0.455355,0.455355,0.455355,0,24878,0.045455,0.045455,0.909091
E02003299,E02003285,0.910711,0.910711,0,0,0,0,0,0,0.910711,0,0,0,0,22118,0,0,1
E02003299,E02003286,2.732132,1.821422,0,0,0.910711,0,0,0,1.821422,0,0,0,0,18529,0,0,1
E02003299,E02003288,10.473174,7.741041,0,0,2.732132,0,0,0,7.285686,0,0.455355,0,0,23602,0,0.058824,0.941176
E02003299,E02003289,2.276777,1.821422,0,0.455355,0,0,0,0,1.821422,0,0,0,0,20171,0,0,1
E02003299,E02003290,2.732132,1.821422,0,0,0.910711,0,0,0,1.821422,0,0,0,0,21823,0,0,1
E02003299,E02003291,1.821422,1.366066,0,0,0.455355,0,0,0,1.366066,0,0,0,0,29333,0,0,1
E02004437,E02003292,0.910711,0,0,0,0.455355,0,0,0,0,0.455355,0,0,0,24866,0,0,0
E02003299,E02003293,10.473174,6.374975,0,0,3.642843,0.455355,0,0,5.91962,0,0,0.455355,0,23243,0.071429,0,0.928571
E02004437,E02003294,0.910711,0,0,0,0.910711,0,0,0,0,0,0,0,0,26213,0,0,0
E02003299,E02003296,23.67848,21.401703,0,0,0,0,0,0.910711,18.214215,1.366066,0,3.187488,0,7433,0.148936,0,0.851064
E02003299,E02003297,18.214215,15.937438,0,0,0,0.910711,0.455355,0,14.571372,0.910711,0.455355,0.910711,0,7428,0.057143,0.028571,0.914286
E02003299,E02003298,8.651752,7.285686,0,0,0.910711,0,0,0,6.830331,0.455355,0,0.455355,0,7379,0.0625,0,0.9375
E02003299,E02003299,87.428232,76.044348,0,0.455355,1.821422,0,0,0.455355,50.089091,8.196397,0.910711,25.044546,0.455355,6366,0.329341,0.011976,0.658683
E02003299,E02003300,20.035637,16.848149,0,0,0.910711,0,1.366066,0,16.848149,0.910711,0,0,0,7338,0,0,1
E02003299,E02003301,13.660661,11.383884,0,0,0.455355,0.455355,0,0,11.383884,1.366066,0,0,0,8330,0,0,1
E02003299,E02003302,3.642843,3.642843,0,0,0,0,0,0,3.187488,0,0,0.455355,0,9630,0.125,0,0.875
E02003299,E02003303,15.937438,13.660661,0,0,0.455355,0,0,0.910711,13.660661,0.910711,0,0,0,11545,0,0,1
E02003299,E02003304,15.937438,15.026727,0,0,0,0,0,0,15.026727,0.910711,0,0,0,9284,0,0,1
E02003299,E02003305,10.928529,10.473174,0,0,0,0,0,0,10.017818,0.455355,0.455355,0,0,9068,0,0.043478,0.956522
E02003299,E02003307,4.553554,4.098198,0,0,0,0,0,0,4.098198,0.455355,0,0,0,9694,0,0,1
E02003299,E02003308,13.660661,11.83924,0,0,1.366066,0,0,0,11.383884,0.455355,0.455355,0,0,10445,0,0.038462,0.961538
E02003299,E02003309,24.58919,21.857058,0,0,0,0.910711,0,0.455355,21.401703,1.366066,0,0.455355,0,10256,0.020833,0,0.979167
E02003299,E02003310,159.374381,133.87448,0,0.455355,8.196397,4.098198,0.455355,0.455355,131.142348,11.383884,1.366066,1.366066,0.455355,13074,0.010204,0.010204,0.979592
E02003299,E02003311,44.169471,37.794496,0,0,0.455355,0.910711,0,0,37.339141,5.008909,0,0.455355,0,10921,0.012048,0,0.987952
E02003299,E02003312,35.517719,31.419521,0,0,0.455355,0.910711,0,0,30.50881,2.732132,0,0.910711,0,11537,0.028986,0,0.971014
E02003299,E02003313,44.624827,40.526628,0,0,0.910711,0.455355,0,1.366066,38.705207,1.366066,0.910711,0.910711,0,12170,0.022472,0.022472,0.955056
E02004472,E02003314,0.455355,0.455355,0,0,0,0,0,0,0.455355,0,0,0,0,22662,0,0,1
E02003299,E02003316,0.455355,0.455355,0,0,0,0,0,0,0.455355,0,0,0,0,20850,0,0,1
E02003299,E02003317,0.910711,0.910711,0,0,0,0,0,0,0.910711,0,0,0,0,20537,0,0,1
E02004472,E02003319,0.455355,0.455355,0,0,0,0,0,0,0.455355,0,0,0,0,21124,0,0,1
E02003299,E02003320,0.455355,0.455355,0,0,0,0,0,0,0.455355,0,0,0,0,22937,0,0,1
E02003299,E02003328,0.455355,0.455355,0,0,0,0,0,0,0.455355,0,0,0,0,24108,0,0,1
E02003299,E02003337,0.455355,0,0,0,0.455355,0,0,0,0,0,0,0,0,24352,0,0,0
E02004437,E02003339,0.455355,0.455355,0,0,0,0,0,0,0.455355,0,0,0,0,25128,0,0,1
E02003299,E02003343,0.455355,0.455355,0,0,0,0,0,0,0.455355,0,0,0,0,28175,0,0,1
E02004472,E02003355,0.455355,0,0,0,0,0,0,0.455355,0,0,0,0,0,80475,0,0,0
E02004472,E02003366,0.455355,0.455355,0,0,0,0,0,0,0.455355,0,0,0,0,83878,0,0,1
E02004472,E02003417,0.455355,0.455355,0,0,0,0,0,0,0.455355,0,0,0,0,66676,0,0,1
E02004437,E02003419,0.455355,0,0,0,0.455355,0,0,0,0,0,0,0,0,63827,0,0,0
E02003299,E02003422,0.910711,0.910711,0,0,0,0,0,0,0.910711,0,0,0,0,77313,0,0,1
E02003299,E02003432,0.455355,0.455355,0,0,0,0,0,0,0.455355,0,0,0,0,69552,0,0,1
E02004472,E02003438,0.455355,0.455355,0,0,0,0,0,0,0.455355,0,0,0,0,73551,0,0,1
E02004472,E02003444,0.455355,0,0,0,0.455355,0,0,0,0,0,0,0,0,91098,0,0,0
E02004472,E02003454,0.910711,0.455355,0,0,0,0,0,0,0.455355,0.455355,0,0,0,86936,0,0,1
E02004472,E02003480,0.910711,0.910711,0,0,0,0,0,0,0.910711,0,0,0,0,88333,0,0,1
E02004437,E02003481,0.455355,0.455355,0,0,0,0,0,0,0.455355,0,0,0,0,90658,0,0,1
E02004437,E02003517,0.455355,0,0,0,0.455355,0,0,0,0,0,0,0,0,90416,0,0,0
E02004437,E02003593,0.455355,0.455355,0,0,0,0,0,0,0,0,0,0.455355,0,158071,1,0,0
E02003299,E02003600,0.910711,0.910711,0,0,0,0,0,0,0.910711,0,0,0,0,76896,0,0,1
E02004472,E02003643,0.455355,0.455355,0,0,0,0,0,0,0.455355,0,0,0,0,79670,0,0,1
E02004472,E02003721,0.910711,0.910711,0,0,0,0,0,0,0.910711,0,0,0,0,73676,0,0,1
E02003299,E02003726,0.910711,0.910711,0,0,0,0,0,0,0.455355,0,0,0.455355,0,71753,0.5,0,0.5
E02003299,E02003740,0.455355,0.455355,0,0,0,0,0,0,0.455355,0,0,0,0,73331,0,0,1
E02004437,E02003764,0.455355,0.455355,0,0,0,0,0,0,0.455355,0,0,0,0,93314,0,0,1
E02004437,E02003785,0.455355,0.455355,0,0,0,0,0,0,0.455355,0,0,0,0,69171,0,0,1
E02004437,E02003791,0.910711,0.910711,0,0,0,0,0,0,0.910711,0,0,0,0,60032,0,0,1
E02004437,E02003888,0.455355,0,0,0,0,0.455355,0,0,0,0,0,0,0,267487,0,0,0
E02004437,E02003938,0.455355,0.455355,0,0,0,0,0,0,0.455355,0,0,0,0,391267,0,0,1
E02004437,E02003966,0.455355,0.455355,0,0,0,0,0,0,0,0,0,0.455355,0,429365,1,0,0
E02003299,E02004026,0.455355,0.455355,0,0,0,0,0,0,0.455355,0,0,0,0,373209,0,0,1
E02004472,E02004038,0.455355,0.455355,0,0,0,0,0,0,0.455355,0,0,0,0,204727,0,0,1
E02004437,E02004051,0.455355,0,0,0,0,0,0,0,0,0.455355,0,0,0,211003,0,0,0
E02004472,E02004179,0.455355,0.455355,0,0,0,0,0,0,0.455355,0,0,0,0,320084,0,0,1
E02004437,E02004232,0.455355,0.455355,0,0,0,0,0,0,0.455355,0,0,0,0,338078,0,0,1
E02004437,E02004243,2.276777,1.821422,0,0,0.455355,0,0,0,1.821422,0,0,0,0,172651,0,0,1
E02003299,E02004262,0.455355,0,0,0,0.455355,0,0,0,0,0,0,0,0,203089,0,0,0
E02004472,E02004309,0.455355,0,0,0,0.455355,0,0,0,0,0,0,0,0,381746,0,0,0
E02004472,E02004382,0.455355,0,0,0,0,0,0,0,0,0.455355,0,0,0,78918,0,0,0
E02004437,E02004384,0.455355,0.455355,0,0,0,0,0,0,0.455355,0,0,0,0,90251,0,0,1
E02003299,E02004424,1.821422,1.821422,0,0,0,0,0,0,1.821422,0,0,0,0,8577,0,0,1
E02003299,E02004425,9.107108,8.196397,0,0,0,0,0,0,8.196397,0.455355,0,0,0.455355,7556,0,0,1
E02003299,E02004426,22.312413,20.490992,0,0,0.455355,0.455355,0,0,20.035637,0.910711,0,0.455355,0,7175,0.022222,0,0.977778
E02003299,E02004427,20.490992,17.75886,0,0,1.366066,0.455355,0,0,17.75886,0.910711,0,0,0,6108,0,0,1
E02004437,E02004428,6.374975,5.464265,0,0,0,0.455355,0.455355,0,4.098198,0,0.455355,0.910711,0,11780,0.166667,0.083333,0.75
E02003299,E02004429,4.098198,3.187488,0,0,0.455355,0,0,0,3.187488,0.455355,0,0,0,10326,0,0,1
E02003299,E02004430,18.66957,16.392794,0,0,0.910711,0.455355,0,0.455355,15.482083,0.455355,0.455355,0.455355,0,12407,0.027778,0.027778,0.944444
E02003299,E02004431,5.008909,4.553554,0,0,0,0.455355,0,0,4.553554,0,0,0,0,11144,0,0,1
E02003299,E02004432,19.124926,15.937438,0,0,0.455355,0,0.910711,0.455355,14.571372,1.366066,0.910711,0.455355,0,5802,0.028571,0.057143,0.914286
E02003299,E02004433,38.705207,33.240942,0,0,0,0.455355,0,0.455355,21.857058,4.553554,0.455355,10.928529,0,4347,0.328767,0.013699,0.657534
E02003299,E02004434,55.098,47.356959,0,0.455355,0.455355,0.455355,0.455355,0.455355,42.803405,5.464265,3.642843,0.910711,0,9815,0.019231,0.076923,0.903846
E02003299,E02004435,92.437141,80.142546,0,0,1.366066,2.276777,0.455355,0.910711,75.588992,6.374975,2.276777,2.276777,0.910711,7655,0.028409,0.028409,0.943182
E02004437,E02004436,5.464265,5.008909,0,0,0,0.455355,0,0,4.098198,0,0.455355,0.455355,0,8989,0.090909,0.090909,0.818182
E02003299,E02004437,178.499307,163.017224,0,0.455355,4.553554,2.732132,1.821422,0.455355,108.829935,5.008909,4.553554,49.633736,0.455355,2937,0.304469,0.027933,0.667598
E02003299,E02004438,238.150861,173.490398,0,0.455355,5.008909,30.50881,5.91962,2.276777,144.347654,20.035637,11.83924,17.303504,0.455355,6765,0.099738,0.068241,0.832021
E02003299,E02004439,36.883785,31.419521,0,0,1.366066,0,0.910711,0,19.124926,3.187488,1.366066,10.928529,0,4061,0.347826,0.043478,0.608696
E02004437,E02004440,10.473174,8.651752,0,0,0,0.910711,0,0,7.741041,0.455355,0,0.910711,0.455355,5088,0.105263,0,0.894737
E02003299,E02004441,15.937438,12.294595,0,0,0.910711,1.821422,0,0.455355,10.928529,0.455355,0.455355,0.910711,0,9608,0.074074,0.037037,0.888889
E02003299,E02004442,6.830331,6.374975,0,0,0,0,0,0,6.374975,0.455355,0,0,0,7771,0,0,1
E02003299,E02004443,110.651356,88.794298,0,0.910711,1.821422,9.562463,2.732132,0,81.053257,6.374975,2.732132,5.008909,0.455355,6167,0.05641,0.030769,0.912821
E02003299,E02004444,43.714116,35.973075,0,0.455355,1.821422,0,0,0,27.776678,5.464265,0.455355,7.741041,0,3027,0.21519,0.012658,0.772152
E02003299,E02004445,18.66957,15.482083,0,0,0.455355,1.821422,0,0,13.660661,0.910711,0,1.821422,0,8398,0.117647,0,0.882353
E02004472,E02004446,0.455355,0.455355,0,0,0,0,0,0,0.455355,0,0,0,0,52026,0,0,1
E02004437,E02004447,0.455355,0.455355,0,0,0,0,0,0,0.455355,0,0,0,0,52514,0,0,1
E02003299,E02004449,0.455355,0.455355,0,0,0,0,0,0,0.455355,0,0,0,0,44728,0,0,1
E02004437,E02004450,0.910711,0.910711,0,0,0,0,0,0,0.910711,0,0,0,0,42104,0,0,1
E02004437,E02004451,0.910711,0.910711,0,0,0,0,0,0,0.910711,0,0,0,0,45517,0,0,1
E02003299,E02004453,1.821422,1.366066,0,0,0,0,0,0,1.366066,0.455355,0,0,0,37002,0,0,1
E02003299,E02004454,0.455355,0.455355,0,0,0,0,0,0,0.455355,0,0,0,0,36426,0,0,1
E02003299,E02004456,1.366066,1.366066,0,0,0,0,0,0,1.366066,0,0,0,0,35646,0,0,1
E02003299,E02004459,2.276777,2.276777,0,0,0,0,0,0,2.276777,0,0,0,0,38409,0,0,1
E02004472,E02004460,1.366066,1.366066,0,0,0,0,0,0,1.366066,0,0,0,0,32261,0,0,1
E02003299,E02004462,5.91962,5.008909,0,0,0.910711,0,0,0,5.008909,0,0,0,0,30827,0,0,1
E02003299,E02004463,1.366066,0.455355,0,0,0,0.455355,0,0,0.455355,0.455355,0,0,0,27649,0,0,1
E02004437,E02004464,7.741041,7.285686,0,0,0,0,0,0,5.91962,0.455355,0,1.366066,0,11896,0.1875,0,0.8125
E02003299,E02004465,16.392794,15.937438,0,0,0,0,0,0,13.660661,0.455355,0,2.276777,0,10563,0.142857,0,0.857143
E02003299,E02004466,15.026727,11.83924,0,0,0,0.455355,0,0.910711,11.383884,1.821422,0.455355,0,0,6741,0,0.038462,0.961538
E02003299,E02004467,16.392794,14.116017,0,0,0,0.455355,0,0.455355,13.660661,1.366066,0,0.455355,0,8249,0.032258,0,0.967742
E02003299,E02004468,71.946149,61.01762,0,0,3.187488,0.910711,0,0.455355,53.731934,4.553554,0.910711,6.374975,1.821422,6836,0.104478,0.014925,0.880597
E02003299,E02004469,33.240942,27.321323,0,0,0,2.276777,0,0,25.955256,3.642843,0.455355,0.910711,0,8453,0.033333,0.016667,0.95
E02003299,E02004470,139.338745,112.472778,0,0.455355,3.642843,8.196397,2.276777,0,97.901406,11.83924,4.098198,10.473174,0.455355,6881,0.093117,0.036437,0.870445
E02003299,E02004471,79.231835,71.035439,0,0,0.910711,0,0,1.366066,66.026529,5.91962,2.732132,2.276777,0,5852,0.032051,0.038462,0.929487
E02003299,E02004472,69.669372,61.472976,0,0.455355,4.553554,0,0,0,43.714116,2.732132,0.910711,16.848149,0.455355,4063,0.274074,0.014815,0.711111
E02004437,E02004473,1.821422,1.821422,0,0,0,0,0,0,1.821422,0,0,0,0,12813,0,0,1
E02003299,E02004474,7.285686,6.374975,0,0,0,0.455355,0.455355,0,5.91962,0,0.455355,0,0,15147,0,0.071429,0.928571
E02004437,E02004475,1.821422,1.366066,0,0,0.455355,0,0,0,1.366066,0,0,0,0,12573,0,0,1
E02003299,E02004476,1.366066,1.366066,0,0,0,0,0,0,1.366066,0,0,0,0,13982,0,0,1
E02003299,E02004477,1.366066,0.910711,0,0,0,0,0,0,0.455355,0.455355,0,0.455355,0,17009,0.5,0,0.5
E02003299,E02004478,0.910711,0.910711,0,0,0,0,0,0,0.910711,0,0,0,0,16035,0,0,1
E02003299,E02004479,2.732132,1.366066,0,0,0.910711,0,0,0,1.366066,0.455355,0,0,0,12991,0,0,1
E02004437,E02004480,0.455355,0.455355,0,0,0,0,0,0,0.455355,0,0,0,0,15504,0,0,1
E02003299,E02004481,0.455355,0.455355,0,0,0,0,0,0,0.455355,0,0,0,0,17043,0,0,1
E02003299,E02004482,3.187488,2.732132,0,0,0,0,0,0,2.732132,0.455355,0,0,0,14852,0,0,1
E02003299,E02004483,2.732132,1.821422,0,0,0.455355,0.455355,0,0,1.821422,0,0,0,0,15923,0,0,1
E02003299,E02004484,0.910711,0.910711,0,0,0,0,0,0,0.910711,0,0,0,0,17416,0,0,1
E02004472,E02004485,0.455355,0.455355,0,0,0,0,0,0,0.455355,0,0,0,0,26550,0,0,1
E02003299,E02004486,3.642843,3.642843,0,0,0,0,0,0,3.642843,0,0,0,0,21536,0,0,1
E02004472,E02004487,0.455355,0.455355,0,0,0,0,0,0,0.455355,0,0,0,0,20372,0,0,1
E02003299,E02004489,11.83924,10.928529,0,0,0.910711,0,0,0,10.928529,0,0,0,0,23138,0,0,1
E02004437,E02004490,0.910711,0.455355,0,0,0.455355,0,0,0,0.455355,0,0,0,0,20441,0,0,1
E02003299,E02004491,0.910711,0.910711,0,0,0,0,0,0,0.910711,0,0,0,0,21210,0,0,1
E02004437,E02004492,7.285686,7.285686,0,0,0,0,0,0,7.285686,0,0,0,0,20134,0,0,1
E02003299,E02004493,12.294595,11.383884,0,0,0,0.455355,0,0.455355,11.383884,0,0,0,0,19020,0,0,1
E02003299,E02004494,35.973075,29.598099,0,0,1.821422,0.910711,0,0.455355,29.598099,3.187488,0,0,0,19025,0,0,1
E02003299,E02004495,2.732132,2.732132,0,0,0,0,0,0,2.732132,0,0,0,0,17723,0,0,1
E02004437,E02004496,0.455355,0.455355,0,0,0,0,0,0,0.455355,0,0,0,0,18000,0,0,1
E02004472,E02004497,0.455355,0.455355,0,0,0,0,0,0,0.455355,0,0,0,0,18716,0,0,1
E02004437,E02004498,3.187488,3.187488,0,0,0,0,0,0,3.187488,0,0,0,0,17938,0,0,1
E02004437,E02004499,0.455355,0,0,0,0,0,0,0,0,0,0,0,0.455355,17360,0,0,0
E02004437,E02004500,2.732132,2.276777,0,0,0,0,0,0,2.276777,0.455355,0,0,0,20874,0,0,1
E02004437,E02004501,0.910711,0.910711,0,0,0,0,0,0,0.910711,0,0,0,0,15773,0,0,1
E02003299,E02004502,7.285686,5.91962,0,0,0.455355,0,0,0,5.91962,0.910711,0,0,0,11178,0,0,1
E02003299,E02004503,5.464265,5.464265,0,0,0,0,0,0,5.464265,0,0,0,0,18595,0,0,1
E02003299,E02004505,6.830331,5.91962,0,0,0,0.455355,0,0,5.91962,0.455355,0,0,0,12195,0,0,1
E02004437,E02004507,0.910711,0.910711,0,0,0,0,0,0,0.910711,0,0,0,0,53543,0,0,1
E02004472,E02004508,0.455355,0.455355,0,0,0,0,0,0,0.455355,0,0,0,0,49917,0,0,1
E02004437,E02004512,0.910711,0,0,0,0.910711,0,0,0,0,0,0,0,0,50953,0,0,0
E02004437,E02004515,0.910711,0.910711,0,0,0,0,0,0,0.910711,0,0,0,0,44314,0,0,1
E02003299,E02004517,0.910711,0.910711,0,0,0,0,0,0,0.910711,0,0,0,0,47358,0,0,1
E02004437,E02004518,0.455355,0.455355,0,0,0,0,0,0,0.455355,0,0,0,0,49450,0,0,1
E02004472,E02004520,0.455355,0.455355,0,0,0,0,0,0,0.455355,0,0,0,0,47957,0,0,1
E02004472,E02004524,0.455355,0.455355,0,0,0,0,0,0,0.455355,0,0,0,0,44099,0,0,1
E02004437,E02004527,2.276777,1.821422,0,0,0,0.455355,0,0,1.821422,0,0,0,0,22255,0,0,1
E02003299,E02004528,0.910711,0.910711,0,0,0,0,0,0,0.910711,0,0,0,0,30580,0,0,1
E02003299,E02004529,3.642843,3.642843,0,0,0,0,0,0,3.642843,0,0,0,0,17993,0,0,1
E02003299,E02004530,3.187488,3.187488,0,0,0,0,0,0,3.187488,0,0,0,0,17458,0,0,1
E02003299,E02004531,1.821422,1.821422,0,0,0,0,0,0,1.821422,0,0,0,0,23073,0,0,1
E02003299,E02004532,0.910711,0.910711,0,0,0,0,0,0,0.910711,0,0,0,0,22384,0,0,1
E02004472,E02004533,0.455355,0.455355,0,0,0,0,0,0,0.455355,0,0,0,0,27494,0,0,1
E02003299,E02004534,1.821422,0.910711,0,0,0.455355,0,0,0,0.910711,0.455355,0,0,0,27698,0,0,1
E02003299,E02004535,2.276777,2.276777,0,0,0,0,0,0,2.276777,0,0,0,0,28397,0,0,1
E02003299,E02004537,6.830331,5.91962,0,0,0.455355,0,0,0,5.91962,0.455355,0,0,0,22058,0,0,1
E02003299,E02004538,0.910711,0.910711,0,0,0,0,0,0,0.910711,0,0,0,0,23013,0,0,1
E02004437,E02004539,0.455355,0.455355,0,0,0,0,0,0,0.455355,0,0,0,0,22317,0,0,1
E02004437,E02004540,0.455355,0.455355,0,0,0,0,0,0,0.455355,0,0,0,0,23479,0,0,1
E02004472,E02004541,0.455355,0.455355,0,0,0,0,0,0,0.455355,0,0,0,0,23574,0,0,1
E02004437,E02004542,1.821422,1.366066,0,0,0,0,0,0,1.366066,0.455355,0,0,0,20943,0,0,1
E02004437,E02004544,1.821422,1.821422,0,0,0,0,0,0,1.821422,0,0,0,0,28542,0,0,1
E02003299,E02004545,0.910711,0.910711,0,0,0,0,0,0,0.910711,0,0,0,0,28409,0,0,1
E02004437,E02004546,0.455355,0.455355,0,0,0,0,0,0,0.455355,0,0,0,0,28734,0,0,1
E02003299,E02004547,5.008909,4.553554,0,0,0,0,0,0,4.553554,0.455355,0,0,0,29802,0,0,1
E02004437,E02004550,2.276777,2.276777,0,0,0,0,0,0,2.276777,0,0,0,0,28165,0,0,1
E02003299,E02004553,0.455355,0.455355,0,0,0,0,0,0,0.455355,0,0,0,0,27062,0,0,1
E02004437,E02004555,1.821422,1.821422,0,0,0,0,0,0,1.821422,0,0,0,0,36853,0,0,1
E02003299,E02004556,1.366066,1.366066,0,0,0,0,0,0,1.366066,0,0,0,0,31048,0,0,1
E02003299,E02004558,2.732132,2.732132,0,0,0,0,0,0,2.732132,0,0,0,0,27487,0,0,1
E02003299,E02004559,0.455355,0,0,0,0,0,0,0,0,0.455355,0,0,0,26803,0,0,0
E02003299,E02004560,0.910711,0.910711,0,0,0,0,0,0,0.910711,0,0,0,0,33495,0,0,1
E02004437,E02004561,1.366066,1.366066,0,0,0,0,0,0,1.366066,0,0,0,0,27355,0,0,1
E02003299,E02004562,0.910711,0.455355,0,0,0,0,0.455355,0,0.455355,0,0,0,0,31471,0,0,1
E02004472,E02004563,0.455355,0.455355,0,0,0,0,0,0,0.455355,0,0,0,0,17745,0,0,1
E02003299,E02004565,4.553554,4.098198,0,0,0,0,0,0,4.098198,0.455355,0,0,0,20219,0,0,1
E02003299,E02004566,2.732132,2.732132,0,0,0,0,0,0,2.732132,0,0,0,0,23479,0,0,1
E02003299,E02004567,0.455355,0.455355,0,0,0,0,0,0,0.455355,0,0,0,0,16739,0,0,1
E02003299,E02004568,11.83924,11.383884,0,0,0,0,0,0,10.928529,0.455355,0.455355,0,0,15448,0,0.04,0.96
E02003299,E02004569,8.651752,7.741041,0,0,0.455355,0,0,0,6.830331,0.455355,0,0.910711,0,22904,0.117647,0,0.882353
E02003299,E02004570,10.017818,8.196397,0,0,0,0.910711,0,0,8.196397,0.910711,0,0,0,16543,0,0,1
E02004437,E02004571,2.276777,2.276777,0,0,0,0,0,0,2.276777,0,0,0,0,17440,0,0,1
E02004437,E02004572,1.366066,1.366066,0,0,0,0,0,0,1.366066,0,0,0,0,29893,0,0,1
E02003299,E02004574,0.455355,0.455355,0,0,0,0,0,0,0.455355,0,0,0,0,73253,0,0,1
E02004437,E02004575,0.455355,0.455355,0,0,0,0,0,0,0.455355,0,0,0,0,62983,0,0,1
E02004437,E02004588,0.455355,0.455355,0,0,0,0,0,0,0.455355,0,0,0,0,59246,0,0,1
E02004437,E02004591,0.455355,0.455355,0,0,0,0,0,0,0.455355,0,0,0,0,51584,0,0,1
E02004437,E02004594,0.910711,0.910711,0,0,0,0,0,0,0.910711,0,0,0,0,43317,0,0,1
E02004437,E02004595,0.455355,0.455355,0,0,0,0,0,0,0.455355,0,0,0,0,38964,0,0,1
E02003299,E02004596,2.276777,2.276777,0,0,0,0,0,0,2.276777,0,0,0,0,33838,0,0,1
E02004472,E02004597,0.455355,0.455355,0,0,0,0,0,0,0.455355,0,0,0,0,33357,0,0,1
E02004472,E02004598,0.910711,0.910711,0,0,0,0,0,0,0.910711,0,0,0,0,32198,0,0,1
E02004437,E02004599,1.366066,1.366066,0,0,0,0,0,0,1.366066,0,0,0,0,29497,0,0,1
E02003299,E02004674,0.455355,0.455355,0,0,0,0,0,0,0.455355,0,0,0,0,177516,0,0,1
E02004437,E02004685,1.821422,1.821422,0,0,0,0,0,0,1.821422,0,0,0,0,106638,0,0,1
E02004472,E02004704,0.455355,0.455355,0,0,0,0,0,0,0.455355,0,0,0,0,101509,0,0,1
E02004437,E02004734,0.455355,0.455355,0,0,0,0,0,0,0.455355,0,0,0,0,134674,0,0,1
E02004437,E02004756,0.455355,0.455355,0,0,0,0,0,0,0,0,0.455355,0,0,98029,0,1,0
E02003299,E02004808,2.276777,2.276777,0,0,0,0,0,0,2.276777,0,0,0,0,84342,0,0,1
E02004437,E02004809,0.455355,0,0,0,0,0,0,0,0,0,0,0,0.455355,86638,0,0,0
E02004472,E02004830,0.455355,0.455355,0,0,0,0,0,0,0,0,0.455355,0,0,127779,0,1,0
E02004472,E02004838,0.455355,0.455355,0,0,0,0,0,0,0,0,0,0.455355,0,134070,1,0,0
E02003299,E02004844,0.455355,0.455355,0,0,0,0,0,0,0.455355,0,0,0,0,33919,0,0,1
E02004437,E02004845,0.910711,0.455355,0,0,0.455355,0,0,0,0.455355,0,0,0,0,33860,0,0,1
E02004472,E02004849,0.455355,0.455355,0,0,0,0,0,0,0.455355,0,0,0,0,35243,0,0,1
E02004472,E02004850,0.455355,0.455355,0,0,0,0,0,0,0.455355,0,0,0,0,32029,0,0,1
E02003299,E02004852,1.821422,1.821422,0,0,0,0,0,0,1.821422,0,0,0,0,31553,0,0,1
E02003299,E02004853,0.455355,0.455355,0,0,0,0,0,0,0,0,0,0.455355,0,32708,1,0,0
E02004437,E02004855,2.276777,1.821422,0,0,0.455355,0,0,0,1.821422,0,0,0,0,30525,0,0,1
E02004437,E02004868,1.366066,1.366066,0,0,0,0,0,0,1.366066,0,0,0,0,60220,0,0,1
E02003299,E02004872,0.455355,0,0,0,0.455355,0,0,0,0,0,0,0,0,59172,0,0,0
E02004437,E02004881,0.910711,0.455355,0,0,0,0,0,0,0.455355,0.455355,0,0,0,36606,0,0,1
E02004437,E02004882,0.455355,0.455355,0,0,0,0,0,0,0.455355,0,0,0,0,35784,0,0,1
E02004437,E02004885,0.455355,0.455355,0,0,0,0,0,0,0.455355,0,0,0,0,35004,0,0,1
E02004472,E02004888,0.910711,0.910711,0,0,0,0,0,0,0.910711,0,0,0,0,30776,0,0,1
E02003299,E02004895,0.455355,0.455355,0,0,0,0,0,0,0.455355,0,0,0,0,35351,0,0,1
E02003299,E02004896,0.910711,0.910711,0,0,0,0,0,0,0.910711,0,0,0,0,41120,0,0,1
E02004437,E02004897,0.455355,0.455355,0,0,0,0,0,0,0.455355,0,0,0,0,42217,0,0,1
E02003299,E02004899,0.455355,0.455355,0,0,0,0,0,0,0.455355,0,0,0,0,47453,0,0,1
E02003299,E02004905,0.455355,0.455355,0,0,0,0,0,0,0.455355,0,0,0,0,46707,0,0,1
E02004437,E02004910,0.455355,0.455355,0,0,0,0,0,0,0.455355,0,0,0,0,59367,0,0,1
E02004437,E02004923,0.455355,0,0,0,0,0,0,0,0,0.455355,0,0,0,51535,0,0,0
E02004472,E02004935,0.455355,0.455355,0,0,0,0,0,0,0.455355,0,0,0,0,52639,0,0,1
E02004437,E02004936,0.455355,0.455355,0,0,0,0,0,0,0.455355,0,0,0,0,50761,0,0,1
E02004437,E02004942,0.455355,0.455355,0,0,0,0,0,0,0.455355,0,0,0,0,52287,0,0,1
E02004437,E02004954,0.455355,0.455355,0,0,0,0,0,0,0.455355,0,0,0,0,51499,0,0,1
E02004472,E02004957,0.455355,0.455355,0,0,0,0,0,0,0.455355,0,0,0,0,55847,0,0,1
E02004437,E02004959,0.455355,0,0,0,0.455355,0,0,0,0,0,0,0,0,60012,0,0,0
E02003299,E02004964,0.910711,0.910711,0,0,0,0,0,0,0.910711,0,0,0,0,60885,0,0,1
E02004437,E02004965,0.455355,0.455355,0,0,0,0,0,0,0.455355,0,0,0,0,52431,0,0,1
E02004437,E02004966,1.821422,0.910711,0,0,0,0,0,0.455355,0.910711,0.455355,0,0,0,55547,0,0,1
E02004472,E02004972,0.455355,0.455355,0,0,0,0,0,0,0.455355,0,0,0,0,53698,0,0,1
E02003299,E02004976,0.910711,0.910711,0,0,0,0,0,0,0.910711,0,0,0,0,53851,0,0,1
E02003299,E02004978,0.455355,0.455355,0,0,0,0,0,0,0.455355,0,0,0,0,55088,0,0,1
E02004472,E02004980,0.455355,0.455355,0,0,0,0,0,0,0.455355,0,0,0,0,48992,0,0,1
E02003299,E02004981,1.366066,0.910711,0,0,0,0,0,0,0.910711,0.455355,0,0,0,49374,0,0,1
E02003299,E02004983,0.910711,0.455355,0,0,0.455355,0,0,0,0.455355,0,0,0,0,46773,0,0,1
E02004437,E02004989,2.276777,2.276777,0,0,0,0,0,0,1.821422,0,0.455355,0,0,47430,0,0.2,0.8
E02004437,E02004990,2.276777,1.366066,0,0.455355,0,0,0,0,1.366066,0.455355,0,0,0,46025,0,0,1
E02003299,E02004999,0.455355,0.455355,0,0,0,0,0,0,0.455355,0,0,0,0,57714,0,0,1
E02004437,E02005000,0.455355,0,0,0,0.455355,0,0,0,0,0,0,0,0,59420,0,0,0
E02003299,E02005011,0.910711,0.910711,0,0,0,0,0,0,0.910711,0,0,0,0,59096,0,0,1
E02004437,E02005025,0.455355,0.455355,0,0,0,0,0,0,0.455355,0,0,0,0,60127,0,0,1
E02003299,E02005028,2.276777,1.366066,0,0,0,0,0.455355,0.455355,1.366066,0,0,0,0,16416,0,0,1
E02003299,E02005030,1.366066,1.366066,0,0,0,0,0,0,1.366066,0,0,0,0,17984,0,0,1
E02003299,E02005032,0.455355,0.455355,0,0,0,0,0,0,0.455355,0,0,0,0,17221,0,0,1
E02003299,E02005033,6.830331,6.374975,0,0,0,0,0,0,6.374975,0.455355,0,0,0,16475,0,0,1
E02003299,E02005035,0.910711,0.910711,0,0,0,0,0,0,0.910711,0,0,0,0,17620,0,0,1
E02003299,E02005036,0.910711,0.910711,0,0,0,0,0,0,0.910711,0,0,0,0,18818,0,0,1
E02003299,E02005038,0.910711,0.910711,0,0,0,0,0,0,0.910711,0,0,0,0,19927,0,0,1
E02003299,E02005040,0.455355,0.455355,0,0,0,0,0,0,0.455355,0,0,0,0,19862,0,0,1
E02003299,E02005055,0.455355,0.455355,0,0,0,0,0,0,0,0,0.455355,0,0,14857,0,1,0
E02003299,E02005056,1.821422,1.366066,0,0,0.455355,0,0,0,1.366066,0,0,0,0,14821,0,0,1
E02003299,E02005057,0.455355,0.455355,0,0,0,0,0,0,0.455355,0,0,0,0,15256,0,0,1
E02003299,E02005060,0.910711,0.910711,0,0,0,0,0,0,0.910711,0,0,0,0,16243,0,0,1
E02004472,E02005071,0.455355,0,0,0,0.455355,0,0,0,0,0,0,0,0,34197,0,0,0
E02004472,E02005075,0.455355,0.455355,0,0,0,0,0,0,0.455355,0,0,0,0,34890,0,0,1
E02003299,E02005076,0.455355,0.455355,0,0,0,0,0,0,0.455355,0,0,0,0,35930,0,0,1
E02003299,E02005081,0.455355,0.455355,0,0,0,0,0,0,0.455355,0,0,0,0,36664,0,0,1
E02003299,E02005089,1.821422,1.366066,0,0,0,0,0,0.455355,1.366066,0,0,0,0,24510,0,0,1
E02003299,E02005093,0.455355,0,0,0,0,0,0,0,0,0.455355,0,0,0,26310,0,0,0
E02004437,E02005095,0.455355,0.455355,0,0,0,0,0,0,0.455355,0,0,0,0,31601,0,0,1
E02003299,E02005098,0.910711,0.910711,0,0,0,0,0,0,0.910711,0,0,0,0,35977,0,0,1
E02003299,E02005099,0.910711,0.910711,0,0,0,0,0,0,0.910711,0,0,0,0,39500,0,0,1
E02004472,E02005100,0.455355,0.455355,0,0,0,0,0,0,0.455355,0,0,0,0,46680,0,0,1
E02003299,E02005121,0.455355,0.455355,0,0,0,0,0,0,0.455355,0,0,0,0,34681,0,0,1
E02003299,E02005125,0.455355,0.455355,0,0,0,0,0,0,0.455355,0,0,0,0,37367,0,0,1
E02003299,E02005149,1.366066,1.366066,0,0,0,0,0,0,1.366066,0,0,0,0,28585,0,0,1
E02003299,E02005151,0.455355,0.455355,0,0,0,0,0,0,0.455355,0,0,0,0,30348,0,0,1
E02003299,E02005153,1.366066,1.366066,0,0,0,0,0,0,1.366066,0,0,0,0,31360,0,0,1
E02003299,E02005154,0.910711,0.455355,0,0,0,0,0,0,0.455355,0.455355,0,0,0,31716,0,0,1
E02004472,E02005155,0.455355,0.455355,0,0,0,0,0,0,0.455355,0,0,0,0,33906,0,0,1
E02003299,E02005156,0.455355,0.455355,0,0,0,0,0,0,0.455355,0,0,0,0,39214,0,0,1
E02003299,E02005160,1.366066,1.366066,0,0,0,0,0,0,1.366066,0,0,0,0,42475,0,0,1
E02004472,E02005162,0.455355,0.455355,0,0,0,0,0,0,0.455355,0,0,0,0,43951,0,0,1
E02003299,E02005169,0.455355,0.455355,0,0,0,0,0,0,0.455355,0,0,0,0,49135,0,0,1
E02004472,E02005171,0.455355,0.455355,0,0,0,0,0,0,0.455355,0,0,0,0,49979,0,0,1
E02004437,E02005376,0.455355,0.455355,0,0,0,0,0,0,0.455355,0,0,0,0,146456,0,0,1
E02004472,E02005397,0.455355,0.455355,0,0,0,0,0,0,0.455355,0,0,0,0,183428,0,0,1
E02004472,E02005482,0.455355,0.455355,0,0,0,0,0,0,0,0,0,0.455355,0,163272,1,0,0
E02004472,E02005584,0.455355,0.455355,0,0,0,0,0,0,0.455355,0,0,0,0,135709,0,0,1
E02004437,E02005621,0.455355,0.455355,0,0,0,0,0,0,0.455355,0,0,0,0,135903,0,0,1
E02003299,E02005677,0.455355,0.455355,0,0,0,0,0,0,0.455355,0,0,0,0,113505,0,0,1
E02004437,E02005696,0.455355,0,0,0,0.455355,0,0,0,0,0,0,0,0,110714,0,0,0
E02004472,E02005764,0.455355,0.455355,0,0,0,0,0,0,0.455355,0,0,0,0,311817,0,0,1
E02004472,E02005768,0.455355,0,0,0,0,0,0,0,0,0.455355,0,0,0,301527,0,0,0
E02003299,E02005935,0.455355,0.455355,0,0,0,0,0,0,0.455355,0,0,0,0,110438,0,0,1
E02004437,E02005939,0.455355,0.455355,0,0,0,0,0,0,0.455355,0,0,0,0,118925,0,0,1
E02003299,E02005952,0.455355,0.455355,0,0,0,0,0,0,0.455355,0,0,0,0,110970,0,0,1
E02003299,E02005958,1.366066,1.366066,0,0,0,0,0,0,1.366066,0,0,0,0,94857,0,0,1
E02004437,E02005960,0.455355,0.455355,0,0,0,0,0,0,0.455355,0,0,0,0,94943,0,0,1
E02003299,E02006040,0.455355,0.455355,0,0,0,0,0,0,0.455355,0,0,0,0,240589,0,0,1
E02004437,E02006060,0.455355,0,0,0.455355,0,0,0,0,0,0,0,0,0,222563,0,0,0
E02004437,E02006131,0.455355,0.455355,0,0,0,0,0,0,0.455355,0,0,0,0,215736,0,0,1
E02004437,E02006233,0.455355,0.455355,0,0,0,0,0,0,0.455355,0,0,0,0,57855,0,0,1
E02004472,E02006251,0.455355,0,0,0,0.455355,0,0,0,0,0,0,0,0,76916,0,0,0
E02003299,E02006252,0.455355,0.455355,0,0,0,0,0,0,0.455355,0,0,0,0,77727,0,0,1
E02003299,E02006258,0.455355,0,0,0,0,0,0,0,0,0.455355,0,0,0,76677,0,0,0
E02004472,E02006261,0.455355,0.455355,0,0,0,0,0,0,0.455355,0,0,0,0,99180,0,0,1
E02004437,E02006271,0.455355,0,0,0,0.455355,0,0,0,0,0,0,0,0,77396,0,0,0
E02003299,E02006277,0.455355,0.455355,0,0,0,0,0,0,0.455355,0,0,0,0,79300,0,0,1
E02003299,E02006282,0.455355,0,0,0,0,0,0,0,0,0.455355,0,0,0,61704,0,0,0
E02003299,E02006298,1.366066,1.366066,0,0,0,0,0,0,1.366066,0,0,0,0,79676,0,0,1
E02003299,E02006342,0.455355,0.455355,0,0,0,0,0,0,0.455355,0,0,0,0,51771,0,0,1
E02004437,E02006345,0.910711,0.910711,0,0,0,0,0,0,0.910711,0,0,0,0,78436,0,0,1
E02003299,E02006358,0.910711,0.910711,0,0,0,0,0,0,0.910711,0,0,0,0,76543,0,0,1
E02003299,E02006364,1.366066,0.910711,0,0,0.455355,0,0,0,0.910711,0,0,0,0,57335,0,0,1
E02003299,E02006377,0.455355,0.455355,0,0,0,0,0,0,0.455355,0,0,0,0,51098,0,0,1
E02004472,E02006378,0.455355,0.455355,0,0,0,0,0,0,0.455355,0,0,0,0,47540,0,0,1
E02004472,E02006384,0.455355,0.455355,0,0,0,0,0,0,0.455355,0,0,0,0,52759,0,0,1
E02004472,E02006395,0.455355,0.455355,0,0,0,0,0,0,0.455355,0,0,0,0,64511,0,0,1
E02004472,E02006397,0.910711,0.910711,0,0,0,0,0,0,0.910711,0,0,0,0,67946,0,0,1
E02004472,E02006400,0.455355,0.455355,0,0,0,0,0,0,0.455355,0,0,0,0,66891,0,0,1
E02004437,E02006420,0.455355,0.455355,0,0,0,0,0,0,0.455355,0,0,0,0,80586,0,0,1
E02003299,E02006436,0.455355,0,0,0,0,0,0,0,0,0.455355,0,0,0,48569,0,0,0
E02004437,E02006445,0.455355,0.455355,0,0,0,0,0,0,0.455355,0,0,0,0,80527,0,0,1
E02004437,E02006458,0.910711,0.910711,0,0,0,0,0,0,0.910711,0,0,0,0,70585,0,0,1
E02004437,E02006463,0.910711,0.455355,0,0,0.455355,0,0,0,0.455355,0,0,0,0,71181,0,0,1
E02004437,E02006464,0.455355,0.455355,0,0,0,0,0,0,0.455355,0,0,0,0,73638,0,0,1
E02004472,E02006466,0.455355,0.455355,0,0,0,0,0,0,0.455355,0,0,0,0,70873,0,0,1
E02004472,E02006510,0.455355,0.455355,0,0,0,0,0,0,0.455355,0,0,0,0,165865,0,0,1
E02003299,E02006530,0.455355,0.455355,0,0,0,0,0,0,0.455355,0,0,0,0,154770,0,0,1
E02004437,E02006566,0.455355,0,0,0,0,0,0,0,0,0.455355,0,0,0,112793,0,0,0
E02004472,E02006575,0.455355,0.455355,0,0,0,0,0,0,0.455355,0,0,0,0,63392,0,0,1
E02003299,E02006578,1.821422,1.821422,0,0,0,0,0,0,1.821422,0,0,0,0,63336,0,0,1
E02004437,E02006600,2.732132,1.821422,0,0,0,0,0,0,0.455355,0.910711,0.910711,0.455355,0,92723,0.25,0.5,0.25
E02003299,E02006604,0.455355,0.455355,0,0,0,0,0,0,0.455355,0,0,0,0,55973,0,0,1
E02004472,E02006618,0.455355,0,0,0,0.455355,0,0,0,0,0,0,0,0,77845,0,0,0
E02003299,E02006651,0.455355,0.455355,0,0,0,0,0,0,0,0,0,0.455355,0,175196,1,0,0
E02003299,E02006793,2.276777,1.821422,0,0.455355,0,0,0,0,1.821422,0,0,0,0,31265,0,0,1
E02003299,E02006799,2.276777,1.821422,0,0,0,0,0,0,1.821422,0.455355,0,0,0,17065,0,0,1
E02004437,E02006800,3.187488,2.276777,0,0,0.455355,0.455355,0,0,2.276777,0,0,0,0,18330,0,0,1
E02003299,E02006801,7.285686,2.732132,0,0,4.553554,0,0,0,2.732132,0,0,0,0,34477,0,0,1
E02004437,E02006802,3.187488,0.455355,0,0,2.732132,0,0,0,0.455355,0,0,0,0,34084,0,0,1
E02003299,E02006853,1.366066,0.910711,0,0,0.455355,0,0,0,0.910711,0,0,0,0,28541,0,0,1
E02003299,E02006854,73.767571,18.214215,0,4.553554,48.26767,0.455355,0,1.821422,18.214215,0.455355,0,0,0,28650,0,0,1
E02003299,E02006859,12.294595,10.473174,0,0,0.455355,0.455355,0,0,10.473174,0.910711,0,0,0,11282,0,0,1
E02003299,E02006872,0.455355,0.455355,0,0,0,0,0,0,0.455355,0,0,0,0,248499,0,0,1
E02004437,E02006875,0.455355,0,0,0,0,0,0,0,0,0.455355,0,0,0,279417,0,0,0
E02004472,E02006877,0.455355,0.455355,0,0,0,0,0,0,0.455355,0,0,0,0,117416,0,0,1
E02004437,E02006899,0.910711,0.455355,0,0,0.455355,0,0,0,0.455355,0,0,0,0,186037,0,0,1
E02003299,E02006925,6.830331,5.91962,0,0,0,0.455355,0,0,5.91962,0.455355,0,0,0,22069,0,0,1
E02003299,E02006926,6.374975,5.008909,0,0,0.455355,0.455355,0,0,5.008909,0.455355,0,0,0,10089,0,0,1
E02003299,E02006929,2.276777,0.455355,0,0,1.821422,0,0,0,0.455355,0,0,0,0,26782,0,0,1
E02004472,E02006930,0.455355,0,0,0,0,0,0,0,0,0.455355,0,0,0,26921,0,0,0
E02004472,E02006931,0.455355,0,0,0,0.455355,0,0,0,0,0,0,0,0,28909,0,0,0
E02004472,W02000280,0.455355,0.455355,0,0,0,0,0,0,0.455355,0,0,0,0,264986,0,0,1
